airline,date_of_journey,source,destination,dep_time,arrival_time,duration,total_stops,additional_info,price
Goair,2019-06-24,Delhi,Cochin,14:25:00,19:35:00,310,1.0,No Info,7870
Indigo,2019-04-03,Mumbai,Hyderabad,16:55:00,18:25:00,90,0.0,No Info,3175
Indigo,2019-03-06,Delhi,Cochin,04:45:00,13:20:00,515,1.0,No Info,13611
Air India,2019-06-15,Banglore,Delhi,10:00:00,12:45:00,165,0.0,No Info,6961
Jet Airways,2019-04-06,Banglore,Delhi,08:20:00,11:20:00,180,0.0,No Info,7229
Air Asia,2019-05-24,Banglore,Delhi,11:10:00,13:55:00,165,0.0,No Info,3383
Jet Airways,2019-04-15,Delhi,Cochin,11:00:00,14:15:00,195,0.0,In-flight meal not included,5443
Jet Airways,2019-05-21,Kolkata,Banglore,21:10:00,09:20:00,730,1.0,In-flight meal not included,10844
Indigo,2019-06-18,Banglore,Delhi,05:30:00,08:20:00,170,0.0,No Info,3943
Multiple Carriers,2019-06-12,Delhi,Cochin,06:00:00,12:35:00,395,1.0,No Info,11789
Jet Airways,2019-05-15,Kolkata,Banglore,06:30:00,12:00:00,330,1.0,No Info,14388
Spicejet,2019-06-03,Mumbai,Hyderabad,13:15:00,14:45:00,90,0.0,No check-in baggage included,1965
Jet Airways,2019-05-27,Delhi,Cochin,17:30:00,04:25:00,655,1.0,In-flight meal not included,12898
Jet Airways,2019-06-01,Delhi,Cochin,15:00:00,04:25:00,805,1.0,In-flight meal not included,10262
Multiple Carriers,2019-03-27,Delhi,Cochin,04:00:00,15:30:00,690,1.0,No Info,6305
Jet Airways,2019-05-06,Kolkata,Banglore,17:00:00,18:00:00,1500,1.0,No Info,11467
Jet Airways,2019-05-06,Kolkata,Banglore,17:00:00,15:05:00,1325,1.0,No Info,13067
Jet Airways,2019-05-01,Kolkata,Banglore,20:25:00,23:35:00,1630,1.0,In-flight meal not included,9314
Air India,2019-05-03,Kolkata,Banglore,14:15:00,16:45:00,150,0.0,No Info,5510
Multiple Carriers,2019-03-06,Delhi,Cochin,10:20:00,18:50:00,510,1.0,No Info,15411
Jet Airways,2019-03-18,Banglore,New Delhi,08:55:00,15:55:00,420,2.0,In-flight meal not included,11245
Spicejet,2019-06-18,Kolkata,Banglore,17:10:00,19:40:00,150,0.0,No Info,3873
Multiple Carriers,2019-05-18,Delhi,Cochin,10:35:00,19:00:00,505,1.0,No Info,9627
Indigo,2019-03-03,Banglore,New Delhi,04:00:00,06:50:00,170,0.0,No Info,6144
Air India,2019-06-24,Delhi,Cochin,19:45:00,19:15:00,1410,2.0,No Info,9443
Jet Airways,2019-05-24,Banglore,Delhi,08:20:00,11:20:00,180,0.0,In-flight meal not included,4030
Jet Airways,2019-06-01,Banglore,Delhi,18:55:00,22:00:00,185,0.0,No Info,8016
Indigo,2019-03-27,Delhi,Cochin,09:10:00,15:30:00,380,1.0,No Info,10141
Vistara,2019-05-06,Banglore,Delhi,17:00:00,19:35:00,155,0.0,No Info,4878
Multiple Carriers,2019-06-06,Delhi,Cochin,13:00:00,21:00:00,480,1.0,No Info,7408
Indigo,2019-06-15,Delhi,Cochin,23:30:00,04:35:00,305,1.0,No Info,10112
Indigo,2019-06-27,Chennai,Kolkata,07:55:00,10:15:00,140,0.0,No Info,3850
Jet Airways,2019-03-18,Banglore,New Delhi,08:00:00,07:40:00,1420,1.0,No Info,12284
Vistara,2019-03-18,Banglore,New Delhi,19:40:00,22:20:00,160,0.0,No Info,12123
Jet Airways,2019-03-12,Banglore,New Delhi,07:00:00,21:20:00,860,1.0,No Info,13817
Indigo,2019-06-18,Kolkata,Banglore,17:15:00,19:50:00,155,0.0,No Info,4804
Jet Airways,2019-05-24,Kolkata,Banglore,14:05:00,23:35:00,570,1.0,In-flight meal not included,10844
Indigo,2019-05-18,Delhi,Cochin,08:35:00,22:30:00,835,1.0,No Info,7144
Jet Airways,2019-04-01,Kolkata,Banglore,18:55:00,23:35:00,1720,1.0,No Info,12681
Jet Airways,2019-04-01,Kolkata,Banglore,08:25:00,18:15:00,590,1.0,No Info,12681
Jet Airways,2019-06-06,Delhi,Cochin,21:25:00,19:00:00,1295,2.0,No Info,13292
Air India,2019-06-06,Delhi,Cochin,05:55:00,19:15:00,800,2.0,No Info,10861
Jet Airways,2019-05-18,Kolkata,Banglore,20:00:00,08:15:00,735,1.0,In-flight meal not included,8586
Air India,2019-05-15,Kolkata,Banglore,20:45:00,23:20:00,155,0.0,No Info,4145
Jet Airways,2019-06-15,Banglore,Delhi,17:45:00,20:45:00,180,0.0,No Info,8016
Jet Airways,2019-06-03,Delhi,Cochin,07:05:00,19:00:00,715,1.0,No Info,14924
Jet Airways,2019-06-01,Delhi,Cochin,10:00:00,12:35:00,1595,1.0,In-flight meal not included,10262
Air India,2019-03-27,Delhi,Cochin,13:05:00,07:40:00,1115,2.0,No Info,8875
Jet Airways,2019-06-12,Kolkata,Banglore,20:25:00,18:00:00,1295,1.0,No Info,12692
Vistara,2019-05-27,Delhi,Cochin,06:00:00,09:10:00,190,0.0,No Info,6216
Jet Airways,2019-05-21,Kolkata,Banglore,17:00:00,18:00:00,1500,1.0,No Info,14151
Jet Airways,2019-05-18,Kolkata,Banglore,09:35:00,19:10:00,575,1.0,In-flight meal not included,12384
Vistara,2019-03-01,Banglore,New Delhi,06:40:00,10:25:00,1665,1.0,No Info,12371
Multiple Carriers,2019-05-09,Delhi,Cochin,17:30:00,01:30:00,480,1.0,No Info,15078
Indigo,2019-03-09,Delhi,Cochin,20:30:00,01:35:00,305,1.0,No Info,6937
Indigo,2019-03-03,Banglore,New Delhi,18:55:00,21:45:00,170,0.0,No Info,8855
Jet Airways,2019-06-09,Delhi,Cochin,17:30:00,19:00:00,1530,1.0,In-flight meal not included,10262
Spicejet,2019-03-24,Chennai,Kolkata,08:20:00,10:35:00,135,0.0,No Info,3859
Jet Airways,2019-05-27,Delhi,Cochin,21:50:00,19:00:00,1270,1.0,No Info,16079
Multiple Carriers,2019-06-06,Delhi,Cochin,07:05:00,22:30:00,925,1.0,No Info,9646
Multiple Carriers,2019-05-15,Delhi,Cochin,13:00:00,21:00:00,480,1.0,No Info,13727
Air India,2019-05-18,Delhi,Cochin,18:45:00,19:15:00,1470,2.0,No Info,12940
Jet Airways,2019-05-24,Kolkata,Banglore,06:30:00,12:00:00,330,1.0,In-flight meal not included,9663
Goair,2019-05-15,Delhi,Cochin,10:35:00,19:35:00,540,1.0,No Info,7378
Vistara,2019-05-15,Kolkata,Banglore,07:10:00,10:45:00,1655,1.0,No Info,8452
Multiple Carriers,2019-05-09,Delhi,Cochin,09:00:00,21:00:00,720,1.0,No Info,13727
Jet Airways,2019-05-18,Kolkata,Banglore,20:25:00,09:45:00,800,1.0,No Info,14151
Vistara,2019-05-21,Kolkata,Banglore,07:10:00,10:45:00,1655,1.0,No Info,9187
Multiple Carriers,2019-06-27,Delhi,Cochin,09:45:00,16:10:00,385,1.0,No Info,9646
Jet Airways,2019-06-27,Banglore,Delhi,06:00:00,08:45:00,165,0.0,In-flight meal not included,6478
Indigo,2019-04-15,Kolkata,Banglore,15:30:00,18:05:00,155,0.0,No Info,4174
Multiple Carriers,2019-03-03,Delhi,Cochin,12:50:00,01:35:00,765,1.0,No Info,18192
Indigo,2019-03-03,Delhi,Cochin,08:25:00,21:00:00,755,1.0,No Info,14871
Jet Airways,2019-05-18,Kolkata,Banglore,20:00:00,04:40:00,520,1.0,No Info,13941
Jet Airways,2019-03-01,Banglore,New Delhi,07:00:00,15:15:00,495,1.0,No Info,26890
Multiple Carriers,2019-03-09,Delhi,Cochin,08:00:00,21:00:00,780,1.0,No Info,16023
Jet Airways,2019-05-27,Delhi,Cochin,20:55:00,04:25:00,450,1.0,No Info,16079
Air India,2019-06-03,Delhi,Cochin,13:00:00,19:15:00,375,1.0,No Info,8372
Jet Airways,2019-05-15,Kolkata,Banglore,20:00:00,08:15:00,735,1.0,No Info,13941
Multiple Carriers,2019-03-21,Delhi,Cochin,17:00:00,01:35:00,515,1.0,No Info,7363
Air India,2019-05-06,Kolkata,Banglore,09:25:00,05:25:00,1200,2.0,No Info,17732
Jet Airways,2019-05-15,Kolkata,Banglore,21:10:00,04:40:00,450,1.0,In-flight meal not included,9663
Indigo,2019-06-06,Banglore,Delhi,01:30:00,04:15:00,165,0.0,No Info,3943
Air India,2019-04-18,Delhi,Cochin,18:05:00,21:10:00,185,0.0,No Info,8246
Jet Airways,2019-05-12,Kolkata,Banglore,21:10:00,08:15:00,665,1.0,In-flight meal not included,8586
Indigo,2019-05-27,Delhi,Cochin,05:05:00,16:10:00,665,1.0,No Info,6600
Jet Airways,2019-04-15,Banglore,Delhi,11:10:00,14:05:00,175,0.0,No Info,7229
Jet Airways,2019-05-21,Kolkata,Banglore,14:05:00,22:35:00,510,1.0,No Info,14781
Indigo,2019-04-03,Delhi,Cochin,21:05:00,00:20:00,195,0.0,No Info,5021
Jet Airways,2019-03-09,Delhi,Cochin,19:45:00,04:25:00,520,1.0,No Info,15554
Multiple Carriers,2019-03-21,Delhi,Cochin,11:40:00,01:35:00,835,1.0,No Info,7695
Indigo,2019-05-09,Mumbai,Hyderabad,19:05:00,20:35:00,90,0.0,No Info,4392
Vistara,2019-06-12,Kolkata,Banglore,20:20:00,20:20:00,1440,1.0,No Info,8085
Jet Airways,2019-03-18,Banglore,New Delhi,18:40:00,00:45:00,365,1.0,No Info,54826
Air India,2019-06-09,Kolkata,Banglore,05:50:00,12:30:00,1840,2.0,No Info,12723
Spicejet,2019-03-18,Mumbai,Hyderabad,13:10:00,14:30:00,80,0.0,No check-in baggage included,2385
Air India,2019-05-27,Mumbai,Hyderabad,19:30:00,20:45:00,75,0.0,No Info,3100
Jet Airways,2019-06-03,Delhi,Cochin,21:50:00,04:25:00,395,1.0,In-flight meal not included,12898
Jet Airways,2019-05-06,Mumbai,Hyderabad,10:20:00,11:50:00,90,0.0,In-flight meal not included,4995
Jet Airways,2019-05-21,Delhi,Cochin,19:30:00,04:25:00,535,2.0,In-flight meal not included,13029
Indigo,2019-06-06,Banglore,Delhi,00:25:00,03:15:00,170,0.0,No Info,3943
Air India,2019-03-03,Banglore,New Delhi,08:50:00,11:10:00,1580,2.0,No Info,12599
Jet Airways,2019-05-24,Delhi,Cochin,22:50:00,04:25:00,335,1.0,No Info,16079
Jet Airways,2019-05-21,Kolkata,Banglore,20:25:00,09:45:00,800,1.0,In-flight meal not included,12384
Air India,2019-03-12,Banglore,New Delhi,08:50:00,10:15:00,1525,2.0,No Info,12778
Multiple Carriers,2019-06-06,Delhi,Cochin,16:00:00,01:30:00,570,1.0,No Info,13377
Jet Airways,2019-03-09,Banglore,New Delhi,09:45:00,00:30:00,885,1.0,In-flight meal not included,10562
Jet Airways,2019-03-21,Banglore,New Delhi,22:50:00,07:40:00,530,1.0,In-flight meal not included,7045
Jet Airways,2019-06-06,Delhi,Cochin,02:15:00,19:00:00,1005,1.0,In-flight meal not included,10262
Jet Airways,2019-06-12,Delhi,Cochin,19:30:00,12:35:00,1025,2.0,In-flight meal not included,10368
Air India,2019-03-09,Delhi,Cochin,22:00:00,19:15:00,1275,2.0,No Info,14851
Indigo,2019-03-03,Delhi,Cochin,06:40:00,13:20:00,400,1.0,No Info,14871
Multiple Carriers,2019-06-06,Delhi,Cochin,14:00:00,21:00:00,420,1.0,No Info,13587
Jet Airways,2019-03-27,Delhi,Cochin,11:30:00,04:25:00,1015,1.0,In-flight meal not included,6017
Multiple Carriers,2019-06-03,Delhi,Cochin,07:05:00,22:30:00,925,1.0,No Info,10696
Jet Airways,2019-04-01,Kolkata,Banglore,16:30:00,08:15:00,945,1.0,In-flight meal not included,7064
Indigo,2019-04-21,Banglore,Delhi,00:30:00,03:25:00,175,0.0,No Info,3943
Indigo,2019-05-27,Delhi,Cochin,11:55:00,22:30:00,635,1.0,No Info,6442
Jet Airways,2019-03-06,Banglore,New Delhi,08:00:00,05:05:00,1265,1.0,No Info,14815
Jet Airways,2019-03-06,Banglore,New Delhi,08:00:00,18:25:00,625,1.0,No Info,16736
Jet Airways,2019-03-06,Banglore,New Delhi,05:45:00,05:05:00,1400,1.0,No Info,13555
Vistara,2019-05-06,Banglore,Delhi,19:30:00,22:15:00,165,0.0,No Info,4878
Multiple Carriers,2019-05-18,Delhi,Cochin,11:30:00,01:30:00,840,1.0,No Info,13727
Jet Airways,2019-05-24,Kolkata,Banglore,20:00:00,19:50:00,1430,1.0,In-flight meal not included,10844
Air India,2019-05-24,Kolkata,Banglore,12:00:00,07:55:00,1195,2.0,No Info,9416
Air India,2019-03-27,Delhi,Cochin,05:15:00,06:50:00,1535,1.0,No Info,7165
Spicejet,2019-06-09,Chennai,Kolkata,09:45:00,12:00:00,135,0.0,No Info,3597
Jet Airways,2019-06-06,Delhi,Cochin,18:25:00,04:25:00,600,2.0,No Info,14237
Jet Airways,2019-06-12,Kolkata,Banglore,20:00:00,12:00:00,960,1.0,In-flight meal not included,8529
Multiple Carriers,2019-05-15,Delhi,Cochin,06:40:00,19:00:00,740,1.0,No Info,9315
Air India,2019-06-12,Kolkata,Banglore,05:50:00,23:15:00,1045,2.0,No Info,12723
Multiple Carriers,2019-05-21,Delhi,Cochin,12:50:00,19:15:00,385,1.0,No Info,8266
Jet Airways,2019-03-12,Banglore,New Delhi,21:25:00,07:40:00,615,1.0,No Info,11717
Multiple Carriers,2019-03-06,Delhi,Cochin,04:00:00,18:50:00,890,1.0,No Info,13399
Jet Airways,2019-03-27,Delhi,Cochin,06:20:00,18:50:00,750,2.0,No Info,11538
Jet Airways,2019-03-21,Banglore,New Delhi,07:00:00,15:15:00,495,1.0,In-flight meal not included,7832
Air India,2019-05-15,Delhi,Cochin,22:00:00,19:15:00,1275,2.0,No Info,11281
Spicejet,2019-05-06,Mumbai,Hyderabad,05:45:00,07:15:00,90,0.0,No check-in baggage included,1965
Multiple Carriers,2019-03-06,Delhi,Cochin,13:05:00,21:20:00,495,2.0,No Info,10759
Air Asia,2019-05-01,Kolkata,Banglore,06:50:00,10:30:00,220,1.0,No Info,6857
Air Asia,2019-05-21,Delhi,Cochin,16:45:00,22:30:00,345,1.0,No Info,8028
Multiple Carriers,2019-05-15,Delhi,Cochin,14:00:00,01:30:00,690,1.0,No Info,13727
Multiple Carriers,2019-03-03,Delhi,Cochin,10:00:00,01:35:00,935,1.0,No Info,16863
Multiple Carriers,2019-03-06,Delhi,Cochin,07:30:00,15:30:00,480,1.0,No Info,15147
Indigo,2019-05-24,Kolkata,Banglore,18:05:00,23:30:00,325,1.0,No Info,6218
Jet Airways,2019-03-06,Banglore,New Delhi,08:00:00,13:15:00,315,1.0,No Info,19225
Indigo,2019-06-15,Delhi,Cochin,02:00:00,07:45:00,345,1.0,No Info,6386
Air Asia,2019-06-09,Delhi,Cochin,16:45:00,22:25:00,340,1.0,No Info,13470
Jet Airways,2019-05-27,Delhi,Cochin,09:00:00,19:00:00,600,1.0,No Info,16079
Jet Airways,2019-05-15,Kolkata,Banglore,16:30:00,12:00:00,1170,1.0,In-flight meal not included,10844
Indigo,2019-04-18,Kolkata,Banglore,09:35:00,12:20:00,165,0.0,No Info,5644
Indigo,2019-05-09,Kolkata,Banglore,22:15:00,00:50:00,155,0.0,No Info,4804
Indigo,2019-06-01,Delhi,Cochin,07:35:00,12:10:00,275,1.0,No Info,5054
Jet Airways,2019-06-21,Banglore,Delhi,07:10:00,10:10:00,180,0.0,In-flight meal not included,5769
Air India,2019-05-21,Kolkata,Banglore,09:25:00,05:35:00,1210,2.0,No Info,11432
Jet Airways,2019-03-21,Banglore,New Delhi,11:40:00,11:25:00,1425,1.0,In-flight meal not included,7832
Indigo,2019-03-27,Delhi,Cochin,16:10:00,22:20:00,370,1.0,No Info,6412
Indigo,2019-06-27,Delhi,Cochin,23:30:00,04:35:00,305,1.0,No Info,9165
Jet Airways,2019-06-24,Delhi,Cochin,05:30:00,19:00:00,810,2.0,No Info,13014
Jet Airways,2019-04-01,Kolkata,Banglore,21:10:00,08:15:00,665,1.0,No Info,13364
Indigo,2019-06-03,Delhi,Cochin,08:35:00,16:10:00,455,1.0,No Info,6442
Air India,2019-03-15,Kolkata,Banglore,14:15:00,16:45:00,150,0.0,No Info,5170
Multiple Carriers,2019-03-09,Delhi,Cochin,07:05:00,16:10:00,545,1.0,No Info,6916
Jet Airways,2019-03-24,Kolkata,Banglore,08:25:00,22:35:00,850,1.0,No Info,13759
Multiple Carriers,2019-03-03,Delhi,Cochin,07:05:00,15:30:00,505,1.0,No Info,17057
Indigo,2019-03-06,Kolkata,Banglore,15:10:00,17:45:00,155,0.0,No Info,5618
Air India,2019-03-03,Banglore,New Delhi,13:20:00,16:10:00,170,0.0,No Info,10216
Indigo,2019-06-06,Delhi,Cochin,06:50:00,16:10:00,560,1.0,No Info,6674
Air India,2019-06-24,Mumbai,Hyderabad,06:20:00,07:40:00,80,0.0,No Info,3100
Spicejet,2019-06-18,Mumbai,Hyderabad,13:15:00,14:45:00,90,0.0,No check-in baggage included,1965
Air India,2019-04-09,Kolkata,Banglore,14:35:00,14:35:00,1440,1.0,No Info,5006
Multiple Carriers,2019-03-06,Delhi,Cochin,14:35:00,22:20:00,465,1.0,In-flight meal not included,7563
Spicejet,2019-03-27,Kolkata,Banglore,06:55:00,09:35:00,160,0.0,No check-in baggage included,3815
Multiple Carriers,2019-03-06,Delhi,Cochin,10:20:00,19:15:00,535,1.0,No Info,15353
Jet Airways,2019-05-21,Delhi,Cochin,19:10:00,19:00:00,1430,2.0,No Info,15129
Jet Airways,2019-06-15,Delhi,Cochin,19:45:00,12:35:00,1010,1.0,In-flight meal not included,10262
Spicejet,2019-03-09,Mumbai,Hyderabad,22:45:00,00:10:00,85,0.0,No Info,3603
Indigo,2019-05-21,Mumbai,Hyderabad,16:55:00,18:25:00,90,0.0,No Info,3175
Air India,2019-04-03,Kolkata,Banglore,09:10:00,04:40:00,1170,2.0,No Info,4647
Jet Airways,2019-06-06,Kolkata,Banglore,09:35:00,18:00:00,505,1.0,In-flight meal not included,10539
Spicejet,2019-06-12,Kolkata,Banglore,09:00:00,11:25:00,145,0.0,No Info,3873
Jet Airways,2019-05-27,Delhi,Cochin,23:05:00,04:25:00,1760,2.0,No Info,15129
Jet Airways,2019-05-12,Kolkata,Banglore,20:00:00,08:15:00,735,1.0,No Info,13941
Multiple Carriers,2019-05-21,Delhi,Cochin,08:00:00,19:00:00,660,1.0,No Info,10197
Multiple Carriers,2019-06-06,Delhi,Cochin,08:00:00,19:00:00,660,1.0,No Info,12192
Air India,2019-03-24,Mumbai,Hyderabad,13:55:00,15:25:00,90,0.0,No Info,2575
Jet Airways,2019-03-21,Delhi,Cochin,05:40:00,04:25:00,1365,2.0,In-flight meal not included,9181
Spicejet,2019-03-18,Mumbai,Hyderabad,05:45:00,07:05:00,80,0.0,No check-in baggage included,2385
Goair,2019-03-24,Banglore,New Delhi,07:45:00,10:40:00,175,0.0,No Info,5048
Air India,2019-05-12,Kolkata,Banglore,12:00:00,11:10:00,1390,2.0,No Info,10676
Jet Airways,2019-03-09,Mumbai,Hyderabad,19:40:00,21:10:00,90,0.0,In-flight meal not included,4050
Air Asia,2019-04-27,Kolkata,Banglore,22:50:00,01:20:00,150,0.0,No Info,4409
Indigo,2019-06-09,Delhi,Cochin,14:20:00,22:30:00,490,1.0,No Info,6938
Vistara,2019-06-12,Banglore,Delhi,11:30:00,14:20:00,170,0.0,No Info,4668
Jet Airways,2019-04-01,Mumbai,Hyderabad,02:55:00,04:20:00,85,0.0,No Info,5678
Air India,2019-05-18,Delhi,Cochin,13:20:00,07:40:00,1100,2.0,No Info,13801
Jet Airways,2019-05-01,Kolkata,Banglore,16:30:00,12:00:00,1170,1.0,In-flight meal not included,9663
Spicejet,2019-03-21,Delhi,Cochin,15:55:00,21:55:00,360,1.0,No Info,5511
Multiple Carriers,2019-06-24,Delhi,Cochin,06:00:00,12:35:00,395,1.0,No Info,12524
Jet Airways,2019-06-24,Banglore,Delhi,15:15:00,18:10:00,175,0.0,In-flight meal not included,5769
Jet Airways,2019-06-12,Delhi,Cochin,11:30:00,19:00:00,450,1.0,No Info,14714
Air India,2019-03-09,Delhi,Cochin,17:20:00,09:25:00,965,1.0,No Info,12415
Indigo,2019-03-27,Mumbai,Hyderabad,21:20:00,22:45:00,85,0.0,No Info,2227
Vistara,2019-03-24,Banglore,New Delhi,21:10:00,00:05:00,175,0.0,No Info,6558
Multiple Carriers,2019-06-24,Delhi,Cochin,11:25:00,19:00:00,455,1.0,No Info,10678
Jet Airways,2019-03-15,Banglore,New Delhi,05:50:00,12:20:00,390,1.0,In-flight meal not included,5853
Jet Airways,2019-05-12,Kolkata,Banglore,06:30:00,12:00:00,330,1.0,No Info,13941
Multiple Carriers,2019-05-01,Delhi,Cochin,08:30:00,19:00:00,630,1.0,No Info,9627
Jet Airways,2019-06-01,Mumbai,Hyderabad,07:05:00,08:30:00,85,0.0,No Info,5678
Air India,2019-03-01,Banglore,New Delhi,05:50:00,22:45:00,1015,1.0,No Info,14069
Jet Airways,2019-06-15,Delhi,Cochin,18:25:00,12:35:00,1090,2.0,No Info,14237
Air India,2019-04-01,Banglore,Delhi,06:10:00,08:55:00,165,0.0,No Info,5176
Jet Airways,2019-06-12,Kolkata,Banglore,14:05:00,09:20:00,1155,1.0,No Info,13044
Jet Airways,2019-05-18,Delhi,Cochin,02:15:00,04:25:00,1570,1.0,In-flight meal not included,12373
Indigo,2019-03-01,Banglore,New Delhi,12:10:00,17:05:00,295,1.0,No Info,9694
Jet Airways,2019-03-09,Delhi,Cochin,16:00:00,04:25:00,745,1.0,No Info,16289
Jet Airways,2019-05-18,Delhi,Cochin,10:00:00,04:25:00,1105,1.0,In-flight meal not included,12373
Jet Airways,2019-03-09,Banglore,New Delhi,08:55:00,10:45:00,1550,1.0,In-flight meal not included,11087
Air India,2019-06-03,Delhi,Cochin,19:45:00,19:15:00,1410,2.0,No Info,10441
Jet Airways,2019-03-01,Banglore,New Delhi,19:55:00,22:35:00,160,0.0,No Info,18308
Spicejet,2019-05-12,Banglore,Delhi,09:30:00,12:20:00,170,0.0,No Info,4423
Jet Airways,2019-05-18,Mumbai,Hyderabad,19:35:00,21:05:00,90,0.0,In-flight meal not included,3210
Jet Airways,2019-06-06,Banglore,Delhi,11:10:00,14:05:00,175,0.0,No Info,8016
Multiple Carriers,2019-03-03,Delhi,Cochin,08:25:00,18:50:00,625,1.0,No Info,15135
Jet Airways,2019-03-21,Delhi,Cochin,22:00:00,18:50:00,1250,1.0,No Info,12242
Multiple Carriers,2019-05-27,Delhi,Cochin,12:50:00,21:00:00,490,1.0,No Info,7005
Air India,2019-03-03,Delhi,Cochin,18:05:00,21:10:00,185,0.0,No Info,8666
Indigo,2019-06-15,Kolkata,Banglore,21:25:00,00:05:00,160,0.0,No Info,4804
Air Asia,2019-06-24,Delhi,Cochin,16:45:00,22:25:00,340,1.0,No Info,6752
Spicejet,2019-04-24,Banglore,Delhi,05:55:00,08:35:00,160,0.0,No Info,3971
Jet Airways,2019-03-24,Kolkata,Banglore,08:25:00,18:10:00,585,1.0,No Info,13759
Jet Airways,2019-05-21,Banglore,Delhi,11:10:00,14:05:00,175,0.0,No Info,7229
Jet Airways,2019-06-01,Delhi,Cochin,07:05:00,12:35:00,330,1.0,No Info,16079
Multiple Carriers,2019-06-03,Delhi,Cochin,06:00:00,19:00:00,780,1.0,No Info,13259
Air Asia,2019-03-24,Kolkata,Banglore,10:20:00,12:55:00,155,0.0,No Info,5620
Multiple Carriers,2019-06-09,Delhi,Cochin,14:00:00,21:00:00,420,1.0,No Info,13587
Air Asia,2019-03-03,Banglore,New Delhi,05:50:00,08:40:00,170,0.0,No Info,7074
Goair,2019-03-01,Banglore,New Delhi,20:55:00,23:50:00,175,0.0,No Info,18558
Indigo,2019-03-27,Delhi,Cochin,15:00:00,01:35:00,635,1.0,No Info,8075
Vistara,2019-03-06,Mumbai,Hyderabad,15:40:00,09:25:00,1065,1.0,No Info,12395
Indigo,2019-03-24,Kolkata,Banglore,09:35:00,12:20:00,165,0.0,No Info,6038
Air India,2019-06-03,Banglore,Delhi,17:00:00,19:45:00,165,0.0,No Info,6961
Spicejet,2019-04-09,Kolkata,Banglore,09:00:00,11:25:00,145,0.0,No check-in baggage included,3841
Multiple Carriers,2019-03-21,Delhi,Cochin,07:05:00,21:00:00,835,1.0,No Info,13062
Spicejet,2019-05-06,Kolkata,Banglore,22:20:00,00:40:00,140,0.0,No Info,3873
Air India,2019-05-18,Delhi,Cochin,17:40:00,23:00:00,320,1.0,No Info,8277
Goair,2019-04-01,Kolkata,Banglore,16:40:00,00:15:00,455,1.0,No Info,5171
Multiple Carriers,2019-06-15,Delhi,Cochin,11:30:00,21:00:00,570,1.0,No Info,13587
Air India,2019-05-21,Kolkata,Banglore,08:20:00,20:25:00,725,2.0,No Info,12324
Jet Airways,2019-05-09,Delhi,Cochin,21:50:00,12:35:00,885,1.0,In-flight meal not included,12373
Air Asia,2019-06-01,Delhi,Cochin,16:45:00,22:25:00,340,1.0,No Info,11410
Jet Airways,2019-06-01,Delhi,Cochin,09:35:00,12:35:00,1620,2.0,No Info,13292
Goair,2019-06-12,Delhi,Cochin,07:25:00,13:35:00,370,1.0,No Info,5842
Vistara,2019-05-24,Kolkata,Banglore,17:00:00,23:25:00,385,1.0,No Info,9870
Air India,2019-06-15,Delhi,Cochin,12:30:00,09:25:00,1255,1.0,No Info,7480
Multiple Carriers,2019-03-03,Delhi,Cochin,10:20:00,01:35:00,915,1.0,No Info,15147
Jet Airways,2019-05-24,Kolkata,Banglore,09:35:00,22:05:00,750,1.0,No Info,14151
Air India,2019-05-12,Kolkata,Banglore,09:25:00,21:50:00,745,1.0,No Info,8891
Multiple Carriers,2019-03-06,Delhi,Cochin,08:25:00,18:50:00,625,1.0,No Info,15135
Spicejet,2019-03-24,Banglore,New Delhi,09:35:00,12:30:00,175,0.0,No Info,6309
Jet Airways,2019-06-27,Delhi,Cochin,10:00:00,19:00:00,540,1.0,No Info,14714
Jet Airways,2019-04-18,Banglore,Delhi,07:10:00,10:10:00,180,0.0,No Info,7229
Jet Airways,2019-06-15,Delhi,Cochin,09:40:00,12:35:00,1615,2.0,No Info,13014
Air India,2019-06-06,Kolkata,Banglore,10:00:00,05:25:00,1165,2.0,No Info,13007
Spicejet,2019-04-12,Kolkata,Banglore,09:00:00,11:25:00,145,0.0,No check-in baggage included,3841
Jet Airways,2019-03-03,Delhi,Cochin,18:20:00,18:50:00,1470,2.0,No Info,20747
Indigo,2019-03-09,Banglore,New Delhi,11:20:00,15:25:00,245,1.0,No Info,5746
Air Asia,2019-06-09,Delhi,Cochin,20:45:00,07:10:00,625,1.0,No Info,10794
Jet Airways,2019-06-15,Delhi,Cochin,09:00:00,19:00:00,600,1.0,In-flight meal not included,10262
Indigo,2019-03-03,Banglore,New Delhi,21:20:00,00:15:00,175,0.0,No Info,6144
Multiple Carriers,2019-05-21,Delhi,Cochin,08:00:00,19:15:00,675,1.0,No Info,15058
Multiple Carriers,2019-03-06,Delhi,Cochin,13:00:00,01:35:00,755,1.0,In-flight meal not included,15136
Jet Airways,2019-06-27,Mumbai,Hyderabad,02:55:00,04:20:00,85,0.0,In-flight meal not included,3210
Air India,2019-06-12,Kolkata,Banglore,10:00:00,16:15:00,375,1.0,No Info,11936
Air India,2019-06-09,Kolkata,Banglore,17:30:00,20:25:00,1615,1.0,No Info,10413
Indigo,2019-05-12,Mumbai,Hyderabad,09:10:00,10:40:00,90,0.0,No Info,4049
Jet Airways,2019-03-09,Mumbai,Hyderabad,06:30:00,08:00:00,90,0.0,In-flight meal not included,4995
Indigo,2019-05-09,Delhi,Cochin,05:10:00,10:05:00,295,1.0,No Info,6496
Vistara,2019-05-24,Kolkata,Banglore,07:10:00,09:05:00,1555,1.0,No Info,9502
Vistara,2019-05-21,Kolkata,Banglore,20:20:00,09:05:00,765,1.0,No Info,8452
Indigo,2019-05-09,Kolkata,Banglore,15:30:00,18:05:00,155,0.0,No Info,4804
Indigo,2019-05-01,Mumbai,Hyderabad,16:55:00,18:25:00,90,0.0,No Info,3175
Spicejet,2019-05-24,Banglore,Delhi,21:10:00,00:05:00,175,0.0,No Info,3971
Air India,2019-05-18,Delhi,Cochin,10:00:00,19:15:00,555,1.0,No Info,8879
Jet Airways,2019-05-18,Kolkata,Banglore,20:25:00,22:05:00,1540,1.0,No Info,14151
Jet Airways,2019-05-12,Kolkata,Banglore,16:30:00,19:50:00,1640,1.0,In-flight meal not included,10844
Spicejet,2019-06-24,Delhi,Cochin,08:45:00,13:15:00,270,1.0,No check-in baggage included,4760
Multiple Carriers,2019-06-03,Delhi,Cochin,03:50:00,19:00:00,910,1.0,No Info,12192
Indigo,2019-06-06,Delhi,Cochin,21:50:00,03:35:00,345,1.0,No Info,6195
Air India,2019-05-21,Delhi,Cochin,13:00:00,19:15:00,375,1.0,No Info,8372
Multiple Carriers,2019-03-06,Delhi,Cochin,13:55:00,01:35:00,700,1.0,In-flight meal not included,15136
Air India,2019-05-21,Delhi,Cochin,05:55:00,07:40:00,1545,2.0,No Info,11911
Indigo,2019-03-24,Mumbai,Hyderabad,16:55:00,18:25:00,90,0.0,No Info,3175
Jet Airways,2019-06-09,Mumbai,Hyderabad,02:55:00,04:20:00,85,0.0,In-flight meal not included,4050
Spicejet,2019-06-09,Mumbai,Hyderabad,13:15:00,14:45:00,90,0.0,No Info,2227
Air India,2019-03-06,Mumbai,Hyderabad,05:05:00,16:55:00,710,2.0,No Info,16697
Jet Airways,2019-06-27,Mumbai,Hyderabad,02:55:00,04:20:00,85,0.0,No Info,5678
Air India,2019-05-06,Kolkata,Banglore,05:50:00,20:25:00,875,2.0,No Info,10991
Indigo,2019-06-03,Banglore,Delhi,08:30:00,11:20:00,170,0.0,No Info,4823
Vistara,2019-06-09,Kolkata,Banglore,17:00:00,18:50:00,1550,1.0,No Info,9135
Jet Airways,2019-05-01,Banglore,Delhi,07:10:00,10:10:00,180,0.0,In-flight meal not included,4030
Multiple Carriers,2019-06-01,Delhi,Cochin,11:25:00,19:15:00,470,1.0,No Info,8937
Indigo,2019-05-12,Chennai,Kolkata,07:55:00,10:15:00,140,0.0,No Info,3850
Multiple Carriers,2019-06-01,Delhi,Cochin,09:00:00,21:00:00,720,1.0,No Info,13587
Air India,2019-05-06,Delhi,Cochin,20:40:00,09:25:00,765,1.0,No Info,7480
Multiple Carriers,2019-06-06,Delhi,Cochin,09:45:00,22:30:00,765,1.0,No Info,9646
Jet Airways,2019-06-01,Delhi,Cochin,21:25:00,12:35:00,910,2.0,No Info,13292
Indigo,2019-06-03,Banglore,Delhi,06:05:00,08:50:00,165,0.0,No Info,3943
Spicejet,2019-05-15,Kolkata,Banglore,17:10:00,19:40:00,150,0.0,No Info,4174
Jet Airways,2019-06-12,Delhi,Cochin,15:00:00,12:35:00,1295,1.0,In-flight meal not included,10262
Multiple Carriers,2019-05-27,Delhi,Cochin,17:30:00,01:30:00,480,1.0,No Info,13377
Indigo,2019-06-18,Chennai,Kolkata,13:15:00,15:35:00,140,0.0,No Info,3597
Air Asia,2019-03-24,Banglore,New Delhi,11:10:00,13:55:00,165,0.0,No Info,3383
Air India,2019-05-24,Kolkata,Banglore,09:10:00,04:40:00,1170,2.0,No Info,6117
Indigo,2019-03-21,Kolkata,Banglore,21:25:00,00:05:00,160,0.0,No Info,4148
Jet Airways,2019-05-09,Kolkata,Banglore,18:55:00,09:20:00,865,1.0,In-flight meal not included,9663
Jet Airways,2019-05-09,Delhi,Cochin,02:15:00,04:25:00,1570,1.0,In-flight meal not included,12373
Goair,2019-06-24,Banglore,Delhi,07:45:00,10:40:00,175,0.0,No Info,3898
Jet Airways,2019-04-01,Banglore,Delhi,18:55:00,22:00:00,185,0.0,In-flight meal not included,4544
Jet Airways,2019-05-12,Kolkata,Banglore,18:55:00,04:40:00,585,1.0,In-flight meal not included,9663
Indigo,2019-05-27,Chennai,Kolkata,19:35:00,21:55:00,140,0.0,No Info,3597
Jet Airways,2019-06-09,Kolkata,Banglore,21:10:00,22:35:00,1525,1.0,In-flight meal not included,10844
Indigo,2019-05-12,Kolkata,Banglore,19:20:00,23:45:00,265,1.0,No Info,4205
Indigo,2019-06-06,Delhi,Cochin,16:00:00,01:30:00,570,1.0,No Info,6316
Jet Airways,2019-05-09,Kolkata,Banglore,09:35:00,10:55:00,1520,1.0,No Info,10953
Jet Airways,2019-05-09,Mumbai,Hyderabad,10:20:00,11:50:00,90,0.0,In-flight meal not included,4995
Indigo,2019-04-15,Kolkata,Banglore,15:15:00,20:30:00,315,1.0,No Info,4775
Indigo,2019-04-27,Delhi,Cochin,08:35:00,16:10:00,455,1.0,No Info,6442
Jet Airways,2019-05-01,Kolkata,Banglore,14:05:00,10:05:00,1200,1.0,No Info,13941
Jet Airways,2019-03-09,Banglore,New Delhi,08:55:00,21:20:00,745,1.0,In-flight meal not included,11087
Indigo,2019-03-18,Chennai,Kolkata,19:35:00,21:55:00,140,0.0,No Info,4332
Jet Airways,2019-06-12,Delhi,Cochin,08:00:00,19:00:00,660,1.0,No Info,14924
Jet Airways,2019-05-01,Kolkata,Banglore,08:25:00,18:15:00,590,1.0,No Info,14781
Indigo,2019-03-09,Banglore,New Delhi,07:30:00,12:20:00,290,1.0,No Info,5694
Jet Airways,2019-05-09,Mumbai,Hyderabad,07:05:00,08:30:00,85,0.0,No Info,8040
Jet Airways,2019-06-03,Delhi,Cochin,21:25:00,19:00:00,1295,2.0,In-flight meal not included,11507
Multiple Carriers,2019-06-01,Delhi,Cochin,13:15:00,22:30:00,555,1.0,No Info,9646
Jet Airways,2019-05-18,Kolkata,Banglore,05:45:00,19:50:00,845,1.0,No Info,14781
Jet Airways,2019-05-06,Kolkata,Banglore,08:25:00,16:20:00,475,1.0,In-flight meal not included,10844
Vistara,2019-03-27,Chennai,Kolkata,07:05:00,09:20:00,135,0.0,No Info,3739
Goair,2019-05-03,Banglore,Delhi,20:55:00,23:40:00,165,0.0,No Info,4239
Jet Airways,2019-05-15,Kolkata,Banglore,21:10:00,20:45:00,1415,1.0,In-flight meal not included,10844
Indigo,2019-06-06,Delhi,Cochin,17:05:00,22:25:00,320,1.0,No Info,6493
Air India,2019-06-06,Kolkata,Banglore,10:00:00,01:20:00,920,2.0,No Info,13033
Jet Airways,2019-05-24,Kolkata,Banglore,14:05:00,20:45:00,400,1.0,In-flight meal not included,10844
Jet Airways,2019-05-15,Kolkata,Banglore,14:05:00,20:45:00,400,1.0,In-flight meal not included,10844
Spicejet,2019-05-06,Kolkata,Banglore,09:00:00,11:25:00,145,0.0,No Info,4174
Spicejet,2019-05-03,Chennai,Kolkata,09:45:00,12:00:00,135,0.0,No check-in baggage included,3859
Air India,2019-04-03,Delhi,Cochin,14:10:00,17:10:00,180,0.0,No Info,4729
Jet Airways,2019-05-01,Kolkata,Banglore,14:05:00,12:00:00,1315,1.0,In-flight meal not included,9663
Multiple Carriers,2019-06-06,Delhi,Cochin,11:25:00,19:15:00,470,1.0,No Info,7354
Multiple Carriers,2019-03-21,Delhi,Cochin,07:10:00,22:20:00,910,1.0,In-flight meal not included,5999
Jet Airways,2019-06-12,Delhi,Cochin,02:15:00,12:35:00,620,1.0,In-flight meal not included,10262
Multiple Carriers,2019-03-09,Delhi,Cochin,07:05:00,21:20:00,855,2.0,No Info,8620
Jet Airways,2019-05-27,Mumbai,Hyderabad,02:55:00,04:20:00,85,0.0,No Info,5678
Vistara,2019-03-21,Delhi,Cochin,06:00:00,09:10:00,190,0.0,No Info,6688
Jet Airways,2019-05-18,Kolkata,Banglore,16:30:00,23:35:00,425,1.0,In-flight meal not included,10844
Jet Airways,2019-06-06,Kolkata,Banglore,18:55:00,12:00:00,1025,1.0,No Info,14571
Air India,2019-03-06,Delhi,Cochin,20:30:00,08:15:00,705,1.0,No Info,10566
Jet Airways,2019-05-24,Mumbai,Hyderabad,07:05:00,08:30:00,85,0.0,No Info,8040
Air India,2019-05-06,Mumbai,Hyderabad,06:20:00,07:40:00,80,0.0,No Info,3625
Jet Airways,2019-04-01,Banglore,Delhi,19:50:00,22:50:00,180,0.0,In-flight meal not included,4544
Multiple Carriers,2019-06-24,Delhi,Cochin,17:30:00,01:30:00,480,1.0,No Info,13377
Jet Airways,2019-06-09,Kolkata,Banglore,18:55:00,08:15:00,800,1.0,In-flight meal not included,11841
Spicejet,2019-03-03,Chennai,Kolkata,08:20:00,10:35:00,135,0.0,No Info,7050
Air India,2019-03-12,Banglore,New Delhi,17:25:00,23:25:00,1800,2.0,No Info,12725
Multiple Carriers,2019-06-12,Delhi,Cochin,04:55:00,19:00:00,845,1.0,No Info,10678
Multiple Carriers,2019-06-01,Delhi,Cochin,09:00:00,21:00:00,720,1.0,No Info,7933
Indigo,2019-06-06,Delhi,Cochin,23:30:00,04:35:00,305,1.0,No Info,10112
Multiple Carriers,2019-06-27,Delhi,Cochin,09:00:00,21:00:00,720,1.0,No Info,7408
Air India,2019-03-03,Delhi,Cochin,17:15:00,19:15:00,1560,2.0,No Info,13442
Air India,2019-05-18,Kolkata,Banglore,08:20:00,11:10:00,1610,2.0,No Info,11222
Spicejet,2019-05-27,Kolkata,Banglore,06:55:00,09:30:00,155,0.0,No check-in baggage included,3841
Jet Airways,2019-05-09,Delhi,Cochin,21:25:00,12:35:00,910,2.0,In-flight meal not included,11507
Jet Airways,2019-05-21,Delhi,Cochin,20:55:00,04:25:00,450,1.0,No Info,16079
Jet Airways,2019-05-18,Kolkata,Banglore,17:00:00,21:05:00,1685,1.0,No Info,14151
Indigo,2019-04-15,Banglore,Delhi,08:30:00,11:20:00,170,0.0,No Info,4823
Multiple Carriers,2019-06-12,Delhi,Cochin,11:40:00,21:00:00,560,1.0,No Info,7005
Multiple Carriers,2019-05-06,Delhi,Cochin,07:30:00,19:00:00,690,1.0,No Info,10529
Jet Airways,2019-06-06,Banglore,Delhi,06:00:00,08:45:00,165,0.0,No Info,8016
Spicejet,2019-04-01,Banglore,Delhi,05:55:00,08:35:00,160,0.0,No check-in baggage included,3919
Vistara,2019-03-01,Banglore,New Delhi,21:10:00,00:05:00,175,0.0,No Info,21730
Jet Airways,2019-05-09,Delhi,Cochin,19:15:00,12:35:00,1040,1.0,In-flight meal not included,12373
Air India,2019-03-03,Banglore,New Delhi,08:15:00,12:15:00,240,1.0,No Info,6273
Air India,2019-03-01,Banglore,New Delhi,08:50:00,10:35:00,1545,2.0,No Info,31783
Spicejet,2019-06-06,Kolkata,Banglore,09:00:00,11:25:00,145,0.0,No check-in baggage included,3841
Vistara,2019-05-15,Banglore,Delhi,11:30:00,14:20:00,170,0.0,No Info,4668
Jet Airways,2019-03-01,Banglore,New Delhi,05:45:00,21:20:00,935,1.0,No Info,27992
Jet Airways,2019-03-06,Banglore,New Delhi,20:35:00,09:30:00,775,1.0,No Info,17261
Jet Airways,2019-06-03,Delhi,Cochin,18:15:00,04:25:00,610,1.0,In-flight meal not included,10262
Jet Airways,2019-05-27,Delhi,Cochin,09:00:00,04:25:00,1165,1.0,In-flight meal not included,12898
Air Asia,2019-05-12,Kolkata,Banglore,07:35:00,19:25:00,710,1.0,No Info,5320
Spicejet,2019-05-12,Mumbai,Hyderabad,13:15:00,14:45:00,90,0.0,No check-in baggage included,2175
Indigo,2019-06-09,Kolkata,Banglore,21:00:00,02:15:00,315,1.0,No Info,6911
Indigo,2019-03-03,Delhi,Cochin,15:00:00,01:35:00,635,1.0,No Info,14871
Indigo,2019-03-21,Delhi,Cochin,09:10:00,15:30:00,380,1.0,No Info,9709
Spicejet,2019-03-03,Kolkata,Banglore,22:20:00,00:40:00,140,0.0,No Info,5515
Jet Airways,2019-03-01,Banglore,New Delhi,05:50:00,12:20:00,390,1.0,Business class,28097
Indigo,2019-06-06,Delhi,Cochin,08:30:00,21:00:00,750,1.0,No Info,6416
Indigo,2019-03-12,Kolkata,Banglore,05:30:00,08:20:00,170,0.0,No Info,4148
Air India,2019-03-21,Delhi,Cochin,20:40:00,09:25:00,765,1.0,No Info,5642
Multiple Carriers,2019-05-15,Delhi,Cochin,12:50:00,19:15:00,385,1.0,No Info,8266
Jet Airways,2019-04-01,Kolkata,Banglore,08:25:00,20:45:00,740,1.0,In-flight meal not included,7064
Indigo,2019-06-01,Delhi,Cochin,08:30:00,21:00:00,750,1.0,No Info,6416
Indigo,2019-05-15,Delhi,Cochin,07:35:00,22:30:00,895,1.0,No Info,6442
Jet Airways,2019-05-27,Delhi,Cochin,02:15:00,04:25:00,1570,1.0,In-flight meal not included,12898
Jet Airways,2019-06-06,Kolkata,Banglore,20:00:00,09:20:00,800,1.0,No Info,14571
Air India,2019-03-06,Delhi,Cochin,20:40:00,09:25:00,765,1.0,No Info,12677
Jet Airways,2019-03-21,Mumbai,Hyderabad,19:35:00,21:05:00,90,0.0,In-flight meal not included,2228
Air India,2019-05-06,Kolkata,Banglore,09:25:00,15:05:00,1780,2.0,No Info,11542
Vistara,2019-03-06,Mumbai,Hyderabad,20:55:00,16:45:00,1190,1.0,No Info,12395
Air India,2019-03-09,Delhi,Cochin,04:00:00,07:40:00,1660,1.0,No Info,10315
Indigo,2019-06-27,Delhi,Cochin,06:40:00,21:00:00,860,1.0,No Info,6093
Indigo,2019-06-12,Delhi,Cochin,06:50:00,12:10:00,320,1.0,No Info,5298
Jet Airways,2019-03-27,Mumbai,Hyderabad,07:10:00,08:35:00,85,0.0,No Info,8040
Jet Airways,2019-06-03,Delhi,Cochin,20:55:00,04:25:00,450,1.0,In-flight meal not included,10262
Goair,2019-06-15,Banglore,Delhi,20:55:00,23:40:00,165,0.0,No Info,3898
Spicejet,2019-04-01,Kolkata,Banglore,15:55:00,21:25:00,330,1.0,No Info,7646
Multiple Carriers,2019-05-15,Delhi,Cochin,09:15:00,19:15:00,600,1.0,No Info,8099
Indigo,2019-04-01,Kolkata,Banglore,15:10:00,20:30:00,320,1.0,No Info,8567
Vistara,2019-05-03,Banglore,Delhi,11:30:00,14:20:00,170,0.0,No Info,4668
Air India,2019-05-21,Delhi,Cochin,05:55:00,07:40:00,1545,2.0,No Info,11543
Spicejet,2019-06-18,Mumbai,Hyderabad,22:45:00,00:15:00,90,0.0,No Info,2017
Jet Airways,2019-06-12,Kolkata,Banglore,21:10:00,04:40:00,450,1.0,No Info,12739
Air India,2019-03-06,Delhi,Cochin,06:50:00,07:40:00,1490,2.0,No Info,20416
Air India,2019-05-21,Delhi,Cochin,13:05:00,09:25:00,1220,2.0,No Info,10467
Spicejet,2019-05-21,Banglore,Delhi,21:10:00,00:05:00,175,0.0,No Info,3625
Spicejet,2019-06-15,Mumbai,Hyderabad,22:45:00,00:15:00,90,0.0,No Info,2017
Air India,2019-06-09,Delhi,Cochin,17:40:00,08:15:00,875,1.0,No Info,7468
Indigo,2019-05-24,Chennai,Kolkata,14:45:00,17:05:00,140,0.0,No Info,3858
Jet Airways,2019-06-24,Banglore,Delhi,08:20:00,11:20:00,180,0.0,In-flight meal not included,5769
Air India,2019-06-21,Mumbai,Hyderabad,15:00:00,16:25:00,85,0.0,No Info,3100
Jet Airways,2019-05-18,Delhi,Cochin,19:15:00,04:25:00,550,1.0,In-flight meal not included,12373
Air India,2019-05-01,Kolkata,Banglore,09:25:00,13:45:00,1700,2.0,No Info,15532
Jet Airways,2019-03-09,Delhi,Cochin,18:15:00,18:50:00,1475,1.0,In-flight meal not included,14053
Indigo,2019-04-03,Kolkata,Banglore,19:20:00,23:45:00,265,1.0,No Info,3480
Jet Airways,2019-03-03,Delhi,Cochin,09:55:00,04:25:00,1110,1.0,No Info,19828
Spicejet,2019-06-27,Kolkata,Banglore,09:00:00,11:25:00,145,0.0,No check-in baggage included,3841
Vistara,2019-05-01,Kolkata,Banglore,20:20:00,23:25:00,1625,1.0,No Info,8085
Air India,2019-05-24,Kolkata,Banglore,09:50:00,08:55:00,1385,2.0,No Info,15170
Air Asia,2019-06-15,Delhi,Cochin,07:55:00,13:25:00,330,1.0,No Info,6253
Multiple Carriers,2019-06-24,Delhi,Cochin,07:05:00,21:00:00,835,1.0,No Info,13797
Spicejet,2019-06-21,Kolkata,Banglore,06:55:00,09:30:00,155,0.0,No check-in baggage included,3841
Indigo,2019-05-09,Delhi,Cochin,06:50:00,22:30:00,940,1.0,No Info,6734
Multiple Carriers,2019-06-09,Delhi,Cochin,07:05:00,16:10:00,545,1.0,No Info,9646
Jet Airways,2019-06-06,Kolkata,Banglore,08:25:00,18:15:00,590,1.0,In-flight meal not included,10844
Indigo,2019-06-18,Delhi,Cochin,14:20:00,17:35:00,195,0.0,No Info,5000
Indigo,2019-05-21,Kolkata,Banglore,15:15:00,20:05:00,290,1.0,No Info,5170
Jet Airways,2019-05-27,Banglore,Delhi,06:00:00,08:45:00,165,0.0,No Info,7229
Indigo,2019-03-03,Delhi,Cochin,18:35:00,01:35:00,420,1.0,No Info,14871
Spicejet,2019-06-06,Chennai,Kolkata,09:45:00,12:00:00,135,0.0,No Info,3597
Jet Airways,2019-05-06,Banglore,Delhi,18:55:00,22:00:00,185,0.0,No Info,7229
Spicejet,2019-04-09,Kolkata,Banglore,06:55:00,09:30:00,155,0.0,No Info,3873
Air India,2019-03-01,Banglore,New Delhi,05:50:00,09:15:00,1645,1.0,No Info,13439
Vistara,2019-04-27,Banglore,Delhi,11:30:00,14:20:00,170,0.0,No Info,5403
Multiple Carriers,2019-06-15,Delhi,Cochin,10:20:00,01:30:00,910,1.0,No Info,6795
Air India,2019-05-24,Kolkata,Banglore,10:00:00,10:30:00,1470,3.0,No Info,13007
Air India,2019-05-27,Delhi,Cochin,08:00:00,19:15:00,675,1.0,No Info,9929
Indigo,2019-04-03,Delhi,Cochin,05:35:00,08:50:00,195,0.0,No Info,4729
Multiple Carriers,2019-05-27,Delhi,Cochin,09:00:00,21:00:00,720,1.0,No Info,13587
Multiple Carriers,2019-06-06,Delhi,Cochin,18:00:00,01:30:00,450,1.0,No Info,7198
Air India,2019-04-18,Banglore,Delhi,13:20:00,16:10:00,170,0.0,No Info,6121
Jet Airways,2019-06-03,Mumbai,Hyderabad,10:20:00,11:50:00,90,0.0,No Info,8040
Jet Airways,2019-05-24,Kolkata,Banglore,16:30:00,18:15:00,1545,1.0,In-flight meal not included,10844
Multiple Carriers,2019-06-09,Delhi,Cochin,14:00:00,01:30:00,690,1.0,No Info,13377
Indigo,2019-06-27,Mumbai,Hyderabad,20:05:00,21:40:00,95,0.0,No Info,2227
Indigo,2019-03-06,Delhi,Cochin,14:20:00,22:20:00,480,1.0,No Info,7451
Spicejet,2019-04-21,Kolkata,Banglore,17:10:00,19:40:00,150,0.0,No Info,4911
Jet Airways,2019-06-27,Mumbai,Hyderabad,07:05:00,08:30:00,85,0.0,In-flight meal not included,4995
Indigo,2019-05-09,Delhi,Cochin,17:10:00,01:30:00,500,1.0,No Info,8330
Multiple Carriers,2019-03-03,Delhi,Cochin,07:00:00,21:00:00,840,1.0,No Info,15603
Indigo,2019-04-06,Delhi,Cochin,20:25:00,01:30:00,305,1.0,No Info,5073
Jet Airways,2019-05-27,Delhi,Cochin,16:00:00,12:35:00,1235,1.0,In-flight meal not included,12898
Air India,2019-05-09,Delhi,Cochin,06:50:00,07:40:00,1490,2.0,No Info,14431
Jet Airways,2019-03-12,Banglore,New Delhi,18:55:00,09:30:00,875,1.0,No Info,13817
Air India,2019-03-18,Delhi,Cochin,05:10:00,08:00:00,170,0.0,No Info,5674
Indigo,2019-05-27,Delhi,Cochin,07:30:00,21:00:00,810,1.0,No Info,6526
Spicejet,2019-04-03,Kolkata,Banglore,06:55:00,09:30:00,155,0.0,No check-in baggage included,3841
Vistara,2019-05-18,Kolkata,Banglore,17:00:00,18:50:00,1550,1.0,No Info,9555
Jet Airways,2019-06-09,Delhi,Cochin,11:30:00,19:00:00,450,1.0,In-flight meal not included,10262
Jet Airways,2019-05-24,Kolkata,Banglore,14:05:00,04:40:00,875,1.0,No Info,13731
Jet Airways,2019-05-06,Kolkata,Banglore,09:35:00,09:45:00,1450,1.0,In-flight meal not included,8066
Multiple Carriers,2019-03-09,Delhi,Cochin,06:40:00,19:45:00,785,1.0,No Info,12615
Jet Airways,2019-06-27,Delhi,Cochin,23:05:00,04:25:00,1760,2.0,No Info,12819
Jet Airways,2019-06-27,Delhi,Cochin,19:10:00,12:35:00,1045,2.0,No Info,12819
Vistara,2019-06-06,Delhi,Cochin,06:00:00,09:10:00,190,0.0,No Info,6216
Spicejet,2019-04-27,Banglore,Delhi,05:55:00,08:35:00,160,0.0,No check-in baggage included,4319
Air India,2019-05-09,Delhi,Cochin,05:00:00,07:40:00,1600,2.0,No Info,11281
Air India,2019-06-24,Banglore,Delhi,13:20:00,16:10:00,170,0.0,No Info,6961
Air India,2019-05-15,Kolkata,Banglore,09:25:00,05:25:00,1200,2.0,No Info,14687
Jet Airways,2019-05-24,Kolkata,Banglore,14:05:00,19:50:00,345,1.0,In-flight meal not included,10844
Air Asia,2019-04-06,Banglore,Delhi,11:10:00,13:55:00,165,0.0,No Info,3383
Multiple Carriers,2019-06-24,Delhi,Cochin,11:40:00,19:15:00,455,1.0,In-flight meal not included,7268
Air India,2019-05-01,Kolkata,Banglore,14:15:00,16:45:00,150,0.0,No Info,6245
Vistara,2019-06-21,Delhi,Cochin,06:00:00,09:10:00,190,0.0,No Info,6216
Jet Airways,2019-06-27,Banglore,Delhi,08:20:00,11:20:00,180,0.0,In-flight meal not included,6478
Air Asia,2019-04-09,Delhi,Cochin,20:45:00,07:10:00,625,1.0,No Info,6451
Indigo,2019-06-01,Delhi,Cochin,16:00:00,21:00:00,300,1.0,No Info,6593
Jet Airways,2019-03-21,Delhi,Cochin,10:20:00,18:50:00,1950,2.0,No Info,11664
Spicejet,2019-03-24,Banglore,New Delhi,09:35:00,12:30:00,175,0.0,No check-in baggage included,6205
Jet Airways,2019-03-12,Banglore,New Delhi,22:55:00,13:15:00,860,1.0,In-flight meal not included,11087
Air India,2019-03-21,Delhi,Cochin,06:50:00,07:40:00,1490,2.0,No Info,11071
Jet Airways,2019-05-27,Mumbai,Hyderabad,10:20:00,11:50:00,90,0.0,In-flight meal not included,4995
Jet Airways,2019-04-01,Kolkata,Banglore,06:30:00,19:50:00,800,1.0,In-flight meal not included,7064
Spicejet,2019-06-03,Chennai,Kolkata,17:45:00,20:05:00,140,0.0,No Info,3597
Indigo,2019-05-24,Banglore,Delhi,22:10:00,01:00:00,170,0.0,No Info,3419
Vistara,2019-03-24,Banglore,New Delhi,11:30:00,14:10:00,160,0.0,No Info,5403
Indigo,2019-05-18,Delhi,Cochin,14:25:00,17:40:00,195,0.0,No Info,6015
Indigo,2019-03-03,Kolkata,Banglore,20:25:00,23:05:00,160,0.0,No Info,6038
Spicejet,2019-05-09,Chennai,Kolkata,08:20:00,10:35:00,135,0.0,No check-in baggage included,3859
Jet Airways,2019-03-06,Banglore,New Delhi,08:55:00,07:40:00,1365,1.0,No Info,14815
Air Asia,2019-03-09,Delhi,Cochin,16:45:00,07:10:00,865,1.0,No Info,8327
Vistara,2019-04-21,Banglore,Delhi,11:30:00,14:20:00,170,0.0,No Info,5403
Indigo,2019-06-01,Mumbai,Hyderabad,21:20:00,22:50:00,90,0.0,No Info,2227
Jet Airways,2019-05-27,Delhi,Cochin,11:30:00,12:35:00,1505,1.0,In-flight meal not included,12898
Multiple Carriers,2019-03-03,Delhi,Cochin,17:30:00,01:35:00,485,1.0,No Info,17057
Indigo,2019-06-27,Chennai,Kolkata,11:35:00,14:00:00,145,0.0,No Info,3858
Multiple Carriers,2019-03-21,Delhi,Cochin,13:15:00,21:20:00,485,2.0,No Info,6653
Air India,2019-06-27,Delhi,Cochin,17:20:00,09:25:00,965,1.0,No Info,7480
Indigo,2019-03-24,Banglore,New Delhi,10:10:00,13:00:00,170,0.0,No Info,4777
Jet Airways,2019-05-09,Delhi,Cochin,14:00:00,12:35:00,1355,1.0,In-flight meal not included,12373
Vistara,2019-03-24,Kolkata,Banglore,17:00:00,22:55:00,355,1.0,No Info,14360
Jet Airways,2019-06-27,Delhi,Cochin,02:15:00,12:35:00,620,1.0,In-flight meal not included,10262
Jet Airways,2019-06-15,Delhi,Cochin,07:05:00,04:25:00,1280,1.0,In-flight meal not included,10262
Spicejet,2019-06-15,Banglore,Delhi,09:30:00,12:20:00,170,0.0,No check-in baggage included,4885
Air India,2019-06-24,Delhi,Cochin,17:15:00,19:15:00,1560,2.0,No Info,11989
Indigo,2019-06-15,Kolkata,Banglore,17:15:00,19:50:00,155,0.0,No Info,4804
Indigo,2019-06-18,Banglore,Delhi,01:30:00,04:15:00,165,0.0,No Info,3419
Air India,2019-06-24,Delhi,Cochin,17:15:00,19:15:00,1560,2.0,No Info,11972
Jet Airways,2019-03-01,Banglore,New Delhi,07:00:00,05:05:00,1325,1.0,No Info,26890
Indigo,2019-06-27,Kolkata,Banglore,21:25:00,00:05:00,160,0.0,No Info,4804
Indigo,2019-05-27,Banglore,Delhi,23:30:00,02:20:00,170,0.0,No Info,3943
Air India,2019-04-24,Kolkata,Banglore,14:15:00,16:45:00,150,0.0,No Info,4880
Jet Airways,2019-06-12,Kolkata,Banglore,14:05:00,16:20:00,1575,1.0,In-flight meal not included,8529
Jet Airways,2019-06-03,Delhi,Cochin,09:40:00,19:00:00,560,2.0,No Info,13014
Air India,2019-05-24,Kolkata,Banglore,09:50:00,23:15:00,805,2.0,No Info,15170
Spicejet,2019-05-15,Kolkata,Banglore,09:00:00,11:25:00,145,0.0,No check-in baggage included,3841
Indigo,2019-06-18,Banglore,Delhi,18:55:00,21:50:00,175,0.0,No Info,4823
Jet Airways,2019-06-01,Mumbai,Hyderabad,10:20:00,11:50:00,90,0.0,No Info,5678
Jet Airways,2019-06-03,Delhi,Cochin,15:00:00,19:00:00,1680,1.0,In-flight meal not included,10262
Jet Airways,2019-05-06,Delhi,Cochin,11:40:00,19:00:00,440,2.0,No Info,21219
Indigo,2019-06-12,Banglore,Delhi,10:10:00,13:00:00,170,0.0,No Info,3943
Multiple Carriers,2019-06-06,Delhi,Cochin,09:45:00,16:10:00,385,1.0,No Info,9646
Jet Airways,2019-05-01,Kolkata,Banglore,14:05:00,22:35:00,510,1.0,No Info,14781
Air India,2019-03-06,Mumbai,Hyderabad,06:10:00,21:15:00,905,1.0,No Info,16666
Indigo,2019-05-09,Delhi,Cochin,06:50:00,16:10:00,560,1.0,No Info,6442
Jet Airways,2019-05-24,Kolkata,Banglore,21:10:00,09:20:00,730,1.0,In-flight meal not included,9663
Spicejet,2019-05-15,Kolkata,Banglore,08:35:00,17:15:00,520,1.0,No Info,6381
Air Asia,2019-05-27,Delhi,Cochin,07:55:00,22:25:00,870,1.0,No Info,6152
Air India,2019-05-21,Kolkata,Banglore,08:20:00,21:50:00,810,2.0,No Info,10697
Air India,2019-05-24,Delhi,Cochin,20:40:00,09:25:00,765,1.0,No Info,7480
Spicejet,2019-03-27,Mumbai,Hyderabad,22:45:00,00:10:00,85,0.0,No Info,1759
Air India,2019-05-09,Delhi,Cochin,12:55:00,19:15:00,1820,2.0,No Info,11596
Vistara,2019-03-24,Banglore,New Delhi,16:00:00,18:35:00,155,0.0,No Info,5088
Air India,2019-05-06,Banglore,Delhi,10:00:00,12:45:00,165,0.0,No Info,5228
Indigo,2019-05-15,Banglore,Delhi,06:05:00,08:50:00,165,0.0,No Info,4423
Indigo,2019-05-27,Delhi,Cochin,04:55:00,21:00:00,965,1.0,No Info,8784
Jet Airways,2019-03-21,Delhi,Cochin,22:00:00,18:50:00,1250,1.0,In-flight meal not included,6017
Air India,2019-06-24,Chennai,Kolkata,11:40:00,13:55:00,135,0.0,No Info,4667
Indigo,2019-06-24,Delhi,Cochin,07:15:00,12:30:00,315,1.0,No Info,6582
Indigo,2019-03-01,Banglore,New Delhi,10:05:00,13:00:00,175,0.0,No Info,10067
Jet Airways,2019-05-12,Kolkata,Banglore,06:30:00,18:15:00,705,1.0,In-flight meal not included,10844
Jet Airways,2019-06-06,Kolkata,Banglore,20:25:00,19:10:00,1365,1.0,No Info,14151
Vistara,2019-04-01,Kolkata,Banglore,17:00:00,20:20:00,1640,1.0,No Info,9135
Indigo,2019-05-21,Kolkata,Banglore,17:15:00,19:50:00,155,0.0,No Info,4804
Jet Airways,2019-03-01,Banglore,New Delhi,05:45:00,16:10:00,625,1.0,No Info,26890
Multiple Carriers,2019-05-15,Delhi,Cochin,06:00:00,12:35:00,395,1.0,No Info,9794
Jet Airways,2019-05-12,Kolkata,Banglore,14:05:00,19:50:00,345,1.0,No Info,14781
Spicejet,2019-04-24,Banglore,Delhi,05:55:00,08:35:00,160,0.0,No check-in baggage included,3919
Jet Airways,2019-06-24,Mumbai,Hyderabad,19:35:00,21:05:00,90,0.0,In-flight meal not included,3210
Indigo,2019-05-21,Kolkata,Banglore,17:35:00,22:15:00,280,1.0,No Info,5386
Indigo,2019-06-18,Mumbai,Hyderabad,19:05:00,20:35:00,90,0.0,No Info,2754
Air India,2019-06-15,Banglore,Delhi,17:00:00,19:45:00,165,0.0,No Info,7171
Indigo,2019-03-03,Mumbai,Hyderabad,12:00:00,13:25:00,85,0.0,No Info,5755
Air India,2019-03-12,Chennai,Kolkata,11:40:00,13:55:00,135,0.0,No Info,7082
Jet Airways,2019-05-09,Kolkata,Banglore,14:05:00,22:35:00,510,1.0,In-flight meal not included,10844
Indigo,2019-06-12,Delhi,Cochin,21:05:00,00:20:00,195,0.0,No Info,6015
Jet Airways,2019-05-12,Kolkata,Banglore,09:35:00,19:10:00,575,1.0,No Info,14151
Air Asia,2019-06-09,Kolkata,Banglore,06:50:00,10:30:00,220,1.0,No Info,6857
Jet Airways,2019-06-15,Banglore,Delhi,19:50:00,22:50:00,180,0.0,No Info,8016
Jet Airways,2019-06-03,Delhi,Cochin,19:45:00,19:00:00,1395,1.0,In-flight meal not included,10262
Indigo,2019-06-15,Chennai,Kolkata,11:35:00,14:00:00,145,0.0,No Info,3858
Goair,2019-05-01,Kolkata,Banglore,16:40:00,00:15:00,455,1.0,No Info,6484
Indigo,2019-05-06,Kolkata,Banglore,21:00:00,02:15:00,315,1.0,No Info,7252
Multiple Carriers,2019-03-06,Delhi,Cochin,10:45:00,19:15:00,510,1.0,No Info,15077
Jet Airways,2019-03-24,Kolkata,Banglore,21:10:00,18:10:00,1260,1.0,In-flight meal not included,10031
Air Asia,2019-05-06,Kolkata,Banglore,19:55:00,22:25:00,150,0.0,No Info,4409
Jet Airways,2019-03-06,Delhi,Cochin,02:15:00,04:25:00,1570,1.0,No Info,17024
Air India,2019-03-06,Mumbai,Hyderabad,13:30:00,16:55:00,205,2.0,No Info,18797
Indigo,2019-06-01,Mumbai,Hyderabad,12:00:00,13:30:00,90,0.0,No Info,2754
Multiple Carriers,2019-03-21,Delhi,Cochin,08:00:00,19:15:00,675,1.0,No Info,13378
Air India,2019-03-01,Banglore,New Delhi,10:30:00,21:25:00,655,2.0,No Info,11213
Jet Airways,2019-03-06,Banglore,New Delhi,05:45:00,18:25:00,760,1.0,No Info,16736
Indigo,2019-06-03,Delhi,Cochin,07:35:00,16:10:00,515,1.0,No Info,7514
Indigo,2019-06-18,Kolkata,Banglore,20:25:00,23:10:00,165,0.0,No Info,4804
Jet Airways,2019-03-24,Kolkata,Banglore,18:55:00,08:10:00,795,1.0,In-flight meal not included,11134
Jet Airways,2019-05-15,Kolkata,Banglore,18:55:00,10:05:00,910,1.0,In-flight meal not included,9663
Air India,2019-03-09,Delhi,Cochin,07:00:00,19:15:00,735,1.0,No Info,15704
Goair,2019-04-15,Banglore,Delhi,07:45:00,10:40:00,175,0.0,No Info,4632
Air Asia,2019-06-24,Banglore,Delhi,04:55:00,07:45:00,170,0.0,No Info,4282
Air India,2019-04-03,Delhi,Cochin,06:05:00,09:25:00,1640,1.0,No Info,5117
Air India,2019-03-27,Delhi,Cochin,07:00:00,19:15:00,735,1.0,No Info,6377
Multiple Carriers,2019-05-09,Delhi,Cochin,11:40:00,19:15:00,455,1.0,No Info,8266
Indigo,2019-03-27,Delhi,Cochin,18:35:00,01:35:00,420,1.0,No Info,8574
Multiple Carriers,2019-06-24,Delhi,Cochin,09:00:00,21:00:00,720,1.0,No Info,8143
Jet Airways,2019-06-06,Kolkata,Banglore,21:10:00,09:20:00,730,1.0,No Info,14571
Indigo,2019-05-21,Delhi,Cochin,15:00:00,01:30:00,630,1.0,No Info,6896
Jet Airways,2019-03-01,Banglore,New Delhi,22:50:00,11:25:00,755,1.0,1 Long layover,31825
Indigo,2019-04-21,Kolkata,Banglore,20:20:00,22:55:00,155,0.0,No Info,4804
Jet Airways,2019-06-12,Mumbai,Hyderabad,10:20:00,11:50:00,90,0.0,In-flight meal not included,4995
Multiple Carriers,2019-06-15,Delhi,Cochin,04:55:00,19:00:00,845,1.0,No Info,10678
Indigo,2019-06-21,Banglore,Delhi,21:15:00,00:15:00,180,0.0,No Info,3943
Jet Airways,2019-04-01,Kolkata,Banglore,06:30:00,19:50:00,800,1.0,No Info,12681
Jet Airways,2019-05-15,Kolkata,Banglore,21:10:00,08:15:00,665,1.0,No Info,14388
Jet Airways,2019-06-12,Kolkata,Banglore,09:35:00,21:05:00,690,1.0,No Info,12692
Jet Airways,2019-03-24,Kolkata,Banglore,06:30:00,22:35:00,965,1.0,In-flight meal not included,8824
Multiple Carriers,2019-05-09,Delhi,Cochin,13:00:00,21:00:00,480,1.0,No Info,8073
Jet Airways,2019-03-27,Delhi,Cochin,18:15:00,04:25:00,610,1.0,No Info,12242
Vistara,2019-03-15,Banglore,New Delhi,06:40:00,12:35:00,355,1.0,No Info,6800
Indigo,2019-05-18,Delhi,Cochin,09:15:00,01:30:00,975,1.0,No Info,7503
Jet Airways,2019-05-09,Delhi,Cochin,07:05:00,12:35:00,330,1.0,No Info,15554
Indigo,2019-05-09,Delhi,Cochin,09:15:00,01:30:00,975,1.0,No Info,8854
Jet Airways,2019-06-03,Delhi,Cochin,05:30:00,19:00:00,810,2.0,No Info,13292
Air India,2019-05-03,Mumbai,Hyderabad,21:05:00,22:25:00,80,0.0,No Info,3100
Jet Airways,2019-03-27,Mumbai,Hyderabad,07:10:00,08:35:00,85,0.0,In-flight meal not included,3205
Jet Airways,2019-05-18,Delhi,Cochin,19:15:00,12:35:00,1040,1.0,In-flight meal not included,12373
Indigo,2019-06-03,Kolkata,Banglore,09:35:00,12:10:00,155,0.0,No Info,4804
Indigo,2019-05-09,Delhi,Cochin,05:05:00,12:10:00,425,1.0,No Info,6818
Multiple Carriers,2019-03-27,Delhi,Cochin,02:15:00,15:30:00,795,1.0,No Info,12327
Indigo,2019-05-21,Kolkata,Banglore,06:20:00,10:20:00,240,1.0,No Info,4226
Multiple Carriers,2019-06-06,Delhi,Cochin,06:00:00,21:00:00,900,1.0,No Info,7005
Indigo,2019-06-03,Delhi,Cochin,05:05:00,16:10:00,665,1.0,No Info,6818
Indigo,2019-03-03,Banglore,New Delhi,13:40:00,18:35:00,295,1.0,No Info,8662
Vistara,2019-04-01,Banglore,Delhi,09:45:00,12:35:00,170,0.0,No Info,5403
Spicejet,2019-06-09,Kolkata,Banglore,17:10:00,19:40:00,150,0.0,No check-in baggage included,3841
Multiple Carriers,2019-06-15,Delhi,Cochin,06:00:00,19:00:00,780,1.0,No Info,11789
Spicejet,2019-03-12,Kolkata,Banglore,09:00:00,11:30:00,150,0.0,No Info,6982
Air India,2019-03-21,Banglore,New Delhi,08:15:00,23:10:00,895,1.0,No Info,4943
Jet Airways,2019-04-27,Banglore,Delhi,07:10:00,10:10:00,180,0.0,No Info,7229
Jet Airways,2019-05-18,Delhi,Cochin,20:00:00,04:25:00,505,2.0,In-flight meal not included,15318
